distrito,monto
Surco,288.44936507936507
Comas,281.8746511627907
Miraflores,277.9686703601108
Lima,274.8766426858513
Los Olivos,274.67022792022794
San Isidro,269.8322192513369
No registrado,265.99386058981236
Callao,265.772061281337
